Tenure,Predicted_Churn_Prob
0.0,-0.23471634363874871
2.0,-0.2992162159331786
7.0,-0.4604658966692534
14.0,-0.6862154496997581
24.0,-1.0087148111719078
35.0,-1.3634641087912722
47.0,-1.7504633425578513
58.0,-2.105212640177216
68.0,-2.4277120016493656
72.0,-2.5567117462382254
